קטגוריה,שם,תפקיד,איפה,מקור
עיתונאים ומבקרים,יאיר רוה,מבקר קולנוע ובלוגר,Cinemascope · Mako · רדיו KZ,
עיתונאים ומבקרים,שמוליק דובדבני,מבקר קולנוע,ynet,
עיתונאים ומבקרים,יעל שוב,מבקרת קולנוע,Time Out Tel Aviv,
עיתונאים ומבקרים,פבלו אוטין,מבקר קולנוע,ישראל היום · Srita.net · כתב העת הסינמטק,
עיתונאים ומבקרים,אבנר שביט,מבקר קולנוע ופודקאסטר,וואלה תרבות · סינמה סבבה,
עיתונאים ומבקרים,ישי קיצ'לס,מבקר קולנוע ופודקאסטר,ישראל היום · סינמה סבבה,
עיתונאים ומבקרים,נחמן אינגבר,מבקר קולנוע,ידיעות אחרונות · ישראל היום,
עיתונאים ומבקרים,נסים דיין,מבקר קולנוע,"גלובס · גלי צה""ל",
עיתונאים ומבקרים,דורון פישלר,מבקר קולנוע,וואלה תרבות · Time Out · עין הדג,
עיתונאים ומבקרים,אהרון קשלס,מבקר קולנוע,ynet · גלובס,
עיתונאים ומבקרים,יהודה סתיו,מבקר קולנוע,ידיעות אחרונות,
עיתונאים ומבקרים,אמיר קמינר,מבקר קולנוע,פנאי פלוס · ידיעות אחרונות,
עיתונאים ומבקרים,חיים קינן,מבקר קולנוע,קול ישראל רשת ב',
עיתונאים ומבקרים,נחום מוכיח,מבקר קולנוע,מגזין את · פנאי פלוס · מעריב,
עיתונאים ומבקרים,דבורית שרגל,מבקרת קולנוע ובלוגרית,מעריב (לשעבר) · מדיה עצמאית,
עיתונאים ומבקרים,רותם דנון,מבקרת קולנוע,וואלה תרבות ובידור,
עיתונאים ומבקרים,מאיר שניצר,מבקר קולנוע ותיק,מעריב 1993–2021 · הארץ · קול ישראל,
עיתונאים ומבקרים,יאיר הוכנר,מבקר קולנוע,Seret.co.il,
עיתונאים ומבקרים,רון פוגל,מבקר קולנוע בכיר,Seret.co.il · פורטל 1909,
עיתונאים ומבקרים,ארז דבורה,מבקר קולנוע,ynet,
עיתונאים ומבקרים,נטע אלכסנדר,מבקרת קולנוע,הארץ — בלוג התפוח המכני,
עיתונאים ומבקרים,מרלין וניג,מבקרת קולנוע,Salona · עיתון נשים,
עיתונאים ומבקרים,אורי קליין,מבקר קולנוע ותיק,הארץ (1987–2022),
עיתונאים ומבקרים,יגאל בורשטיין,מבקר קולנוע,עיר (לשעבר),
עיתונאים ומבקרים,גידי אורשר,מבקר קולנוע,"גלי צה""ל",
עיתונאים ומבקרים,שרית ילוב,מבקרת קולנוע,גלובס,
עיתונאים ומבקרים,מתן שיראן,מבקר קולנוע,גלובס,
עיתונאים ומבקרים,ידית אוריין,מבקרת קולנוע,לאישה · ידיעות אחרונות,
עיתונאים ומבקרים,ריטה קורן,מבקרת קולנוע,קול ישראל,
עיתונאים ומבקרים,דוד שליט,מבקר קולנוע,מוניט · גלובס · הארץ · מעריב,
עיתונאים ומבקרים,חנה בראון,מבקרת קולנוע,Jerusalem Post,
עיתונאים ומבקרים,איריס לקנר,מבקרת קולנוע,iWomen · רדיו · טלוויזיה,
עיתונאים ומבקרים,אריאל שוייצר,מבקר קולנוע,עיתונות ועצמאי,
עיתונאים ומבקרים,יוסף שריק,מבקר קולנוע,הארץ,
עיתונאים ומבקרים,עירית שמגר,מבקרת קולנוע,מעריב,
עיתונאים ומבקרים,אלעד שילו,מבקר ועורך קולנוע,Seret.co.il,
עיתונאים ומבקרים,חנן רוזנברג,מבקר קולנוע,Seret.co.il,
עיתונאים ומבקרים,עומר אלגיא,מבקר קולנוע,Seret.co.il,
עיתונאים ומבקרים,גיא וילנר,מבקר קולנוע,Seret.co.il,
עיתונאים ומבקרים,דני ורט,מבקר קולנוע,על המשמר · עיר · כתב העת הסינמטק,
עיתונאים ומבקרים,זאב רב-נוף,מבקר קולנוע,דבר · קול ישראל,
עיתונאים ומבקרים,אביר גוסן,מבקרת קולנוע,ynet · N12,
עיתונאים ומבקרים,אורי כהן,מבקר תרבות ובידור,mako,
עיתונאים ומבקרים,אבישי סלאמה,פודקאסטר,נושמים קולנוע,
עיתונאים ומבקרים,אברי רוזן צבי,פודקאסטר,סרטים זה אנחנו,
עיתונאים ומבקרים,רוני זאבו,פודקאסטר,סרטים זה אנחנו,
עיתונאים ומבקרים,עודד גרובר,פודקאסטר,סרטים זה אנחנו,
עיתונאים ומבקרים,רותם יפעת,פודקאסטר,סרטים זה אנחנו,
עיתונאים ומבקרים,לירון סיני,פודקאסטר,סרטים זה אנחנו,
סגל אקדמי,"ד""ר בועז הגין",ראש בית הספר,אוניברסיטת תל אביב,
סגל אקדמי,פרופ' מיכל אביעד,פרופסור אמריטוס — קולנוע תיעודי,אוניברסיטת תל אביב,
סגל אקדמי,פרופ' אילן אביסר,פרופסור אמריטוס — תיאוריה ושואה,אוניברסיטת תל אביב,
סגל אקדמי,פרופ' יגאל בורשטיין,פרופסור אמריטוס — ביקורת ותיאוריה,אוניברסיטת תל אביב,
סגל אקדמי,פרופ' ניצן בן-שאול,פרופסור אמריטוס — נרטיב וקולנוע,אוניברסיטת תל אביב,
סגל אקדמי,פרופ' שבתאי גביזון,סגל בכיר,אוניברסיטת תל אביב,
סגל אקדמי,פרופ' ירון בלוך,סגל בכיר,אוניברסיטת תל אביב,
סגל אקדמי,"ד""ר שמואל דובדבני",סגל בכיר — תיאוריה וביקורת,אוניברסיטת תל אביב,
סגל אקדמי,מיה דרייפוס,סגל בכיר,אוניברסיטת תל אביב,
סגל אקדמי,מישל וינק,סגל בכיר,אוניברסיטת תל אביב,
סגל אקדמי,פרופ' רן טל,סגל בכיר — קולנוע תיעודי,אוניברסיטת תל אביב,
סגל אקדמי,פרופ' ראז יוסף,סגל בכיר — תיאוריה וקולנוע קווירי,אוניברסיטת תל אביב,
סגל אקדמי,"ד""ר יעל לוי",סגל בכיר,אוניברסיטת תל אביב,
סגל אקדמי,"ד""ר עידו לוויט",סגל בכיר,אוניברסיטת תל אביב,
סגל אקדמי,"ד""ר אורי לוין",סגל בכיר,אוניברסיטת תל אביב,
סגל אקדמי,"ד""ר אוהד לנדסמן",סגל בכיר — לימודי דוקומנטרי,אוניברסיטת תל אביב,
סגל אקדמי,פרופ' אסף ציפור,סגל בכיר,אוניברסיטת תל אביב,
סגל אקדמי,תופיק עגבריה,סגל בכיר,אוניברסיטת תל אביב,
סגל אקדמי,אהוד בן-אריה,סגל בכיר,אוניברסיטת תל אביב,
סגל אקדמי,אסתר נמדר-תמם,סגל בכיר,אוניברסיטת תל אביב,
סגל אקדמי,יוסף פיצ'דז',סגל בכיר,אוניברסיטת תל אביב,
סגל אקדמי,ארנון גולדפינגר,מרצה — קולנוע תיעודי,אוניברסיטת תל אביב,
סגל אקדמי,דוד אופק,מרצה — קולנוע תיעודי,אוניברסיטת תל אביב,
סגל אקדמי,"ד""ר פבלו אוטין",מרצה,אוניברסיטת תל אביב,
סגל אקדמי,ארז דבורה,מרצה,אוניברסיטת תל אביב,
סגל אקדמי,סיגלית בנאי,מרצה,אוניברסיטת תל אביב,
סגל אקדמי,"ד""ר שי בידרמן",מרצה חיצוני,אוניברסיטת תל אביב,
סגל אקדמי,תליה גלון,מרצה,אוניברסיטת תל אביב,
סגל אקדמי,פרופ' איוון קוזלובסקי-גולן,ראשת המחלקה — שואה וקולנוע,אוניברסיטת חיפה,
סגל אקדמי,פרופ' אורי רשף,סגל בכיר,אוניברסיטת חיפה,
סגל אקדמי,"ד""ר אירית פרוכטר-רונן",מרצה — קולנוע ישראלי ומזרח-תיכוני,אוניברסיטת חיפה,
סגל אקדמי,"ד""ר אורנה רביב",מרצה — תיאוריה ופוסט-הומניזם,אוניברסיטת חיפה,
סגל אקדמי,"ד""ר איציק רוזן",מרצה,אוניברסיטת חיפה,
סגל אקדמי,"ד""ר שולמית לר-אהרוני",מרצה,אוניברסיטת חיפה,
סגל אקדמי,"ד""ר אירית זקי",ראשת תוכנית MA — קולנוע תיעודי,מכללת ספיר,
סגל אקדמי,רונן מחליס-בלזם,ראש תוכנית BA קולנוע,מכללת ספיר,
סגל אקדמי,פרופ' פיליפ בלייש,מרצה בכיר,מכללת ספיר,
סגל אקדמי,פרופ' אורי סיון,מרצה בכיר — קולנוענות,מכללת ספיר,
סגל אקדמי,פרופ' דורון צברי,מרצה בכיר,מכללת ספיר,
סגל אקדמי,שלומי אלקבץ,מרצה בכיר — בימוי,מכללת ספיר,
סגל אקדמי,"ד""ר דפנה שרינג",מרצה בכיר,מכללת ספיר,
סגל אקדמי,"ד""ר ארז פרי",מרצה בכיר,מכללת ספיר,
סגל אקדמי,"ד""ר יעל שנקר",מרצה בכיר,מכללת ספיר,
סגל אקדמי,אפרת כורם,מרצה בכיר,מכללת ספיר,
סגל אקדמי,"ד""ר מכאביט אברמזון",מרצה,מכללת ספיר,
סגל אקדמי,רנה אבו-פריחה,מרצה,מכללת ספיר,
סגל אקדמי,רובי אלמליח,מרצה,מכללת ספיר,
סגל אקדמי,נטי בתיטו,מרצה,מכללת ספיר,
סגל אקדמי,לב גולצר,מרצה,מכללת ספיר,
סגל אקדמי,יאל הדיה,מרצה,מכללת ספיר,
סגל אקדמי,אביב זיו,מרצה,מכללת ספיר,
סגל אקדמי,נהר אביגיל חסין,מרצה,מכללת ספיר,
סגל אקדמי,עפיר טריינין,מרצה,מכללת ספיר,
סגל אקדמי,גלית כהלון,מרצה חיצוני,מכללת ספיר,
סגל אקדמי,יוני לחב,מרצה חיצוני,מכללת ספיר,
סגל אקדמי,אבירם לוי,מרצה,מכללת ספיר,
סגל אקדמי,אלינור נחמיה,מרצה,מכללת ספיר,
סגל אקדמי,עומרי סנה,מרצה,מכללת ספיר,
סגל אקדמי,שפיר סרוסי,מרצה,מכללת ספיר,
סגל אקדמי,מיקי פולונסקי,מרצה,מכללת ספיר,
סגל אקדמי,דמיאן קיטייגרודסקי,מרצה,מכללת ספיר,
סגל אקדמי,בועז שמעון-ליאון,מרצה,מכללת ספיר,
סגל אקדמי,יעל עוז-סיני,ראשת המחלקה — בימוי אנימציה,בצלאל,
סגל אקדמי,אסיה אייזנשטיין,מרצה — אנימציה קלאסית,בצלאל,
סגל אקדמי,איתמר אלקלעי,מרצה — בימוי סרטי קצר,בצלאל,
סגל אקדמי,אסף אשרי,מרצה — תסריטאות,בצלאל,
סגל אקדמי,שרון בלבן,מרצה — וידאו ארט,בצלאל,
סגל אקדמי,תמי ברנשטיין,מרצה — בימוי אנימציה,בצלאל,
סגל אקדמי,ניר ברגר,מרצה — כתיבה דרמטית,בצלאל,
סגל אקדמי,אפרת ברגר,מרצה — עריכה קולנועית,בצלאל,
סגל אקדמי,נועא ברמן-הרצברג,מרצה — תסריטאות ופיתוח,בצלאל,
סגל אקדמי,אייל גולדברג,מרצה — קולנוע תיעודי,בצלאל,
סגל אקדמי,אראן היללי,מרצה — אנימציה ניסיונית,בצלאל,
סגל אקדמי,וורוניק אינבר,מרצה — עריכה ואמנות וידאו,בצלאל,
סגל אקדמי,תל קנטור,מרצה — אנימציה וקולנוע היברידי,בצלאל,
סגל אקדמי,אמית לאור,מרצה — בימוי ותסריטאות,בצלאל,
סגל אקדמי,פרופ' יאיר לב,מרצה — בימוי תיעודי,בצלאל,
סגל אקדמי,שטב לוי,מרצה — עיצוב דמויות וstoryboard,בצלאל,
סגל אקדמי,קראם נאטור,מרצה — וידאו ארט ניסיוני,בצלאל,
סגל אקדמי,יארה עוזרי,מרצה — ניתוח קולנועי,בצלאל,
סגל אקדמי,רות פטיר,מרצה — וידאו ארט ניסיוני,בצלאל,
סגל אקדמי,ישראלה שאר,מרצה — דוקומנטרי וידאו,בצלאל,
סגל אקדמי,אפרת שלם,מרצה — וידאו ארט,בצלאל,
סגל אקדמי,אוהד מילשטיין,מרצה — קולנוע תיעודי,בצלאל,
סגל אקדמי,מורן סומר,מרצה — stop motion ואנימציה,בצלאל,
סגל אקדמי,דנה בלנקשטיין כהן,מנהלת בית הספר,סם שפיגל,
סגל אקדמי,שיר שושני,סגן מנהל — ראש מחלקת קולנוע וטלוויזיה,סם שפיגל,
סגל אקדמי,רנן שור,מייסד ומנהל לשעבר — חוקר וסופר,סם שפיגל,
סגל אקדמי,עמרי לוי,מנהל אקדמי — בימוי ותסריטאות,מעלה,
סגל אקדמי,יאיר רוה,מרצה — ביקורת קולנוע,מעלה,
סגל אקדמי,ציון ארבל,מרצה — בימוי,מעלה,
סגל אקדמי,שוקי בן-נאים,מרצה — יצירת סדרות,מעלה,
סגל אקדמי,איציק פורטל,מרצה — קולנוענות,מעלה,
סגל אקדמי,גולן ריז,מרצה — בימוי תיעודי,מעלה,
סגל אקדמי,דקלה קידר,מרצה — תסריטאות,מעלה,
סגל אקדמי,לינה שפלין,מרצה — דוקומנטרי וסדרות,מעלה,
סגל אקדמי,"ד""ר זוהר אלטמן",מרצה,מעלה,
סגל אקדמי,מיטל אבוקסיס,ראשת בית הספר — חוקרת ובמאית,סמינר הקיבוצים,
סגל אקדמי,פרופ' אבנר פינגלרט,סגל,סמינר הקיבוצים,
סגל אקדמי,"ד""ר אורית נומא",סגל,סמינר הקיבוצים,
סגל אקדמי,"ד""ר אלה באואר-ברמן",סגל,סמינר הקיבוצים,
סגל אקדמי,דקלה שטרית,סגל,סמינר הקיבוצים,
סגל אקדמי,"ד""ר ליאת סבין בן-שושן",סגל,סמינר הקיבוצים,
סגל אקדמי,"ד""ר מאיה פנינה מאיר",סגל,סמינר הקיבוצים,
סגל אקדמי,"ד""ר שגית דינר-כהן",סגל,סמינר הקיבוצים,
סגל אקדמי,"ד""ר שרון אשכנזי",סגל,סמינר הקיבוצים,
סגל אקדמי,גידי אורשר,מרצה — שידור,סמינר הקיבוצים,
סגל אקדמי,אריק לופצקי,מרצה — בימוי,סמינר הקיבוצים,
סגל אקדמי,פרופ' רעיה מורג,ראשת מסלול מדיה חזותית — לימודי קולנוע,האוניברסיטה העברית,
סגל אקדמי,פרופ' דן כספי,סגל בכיר — לימודי מדיה,אוניברסיטת בן גוריון,
סגל אקדמי,"ד""ר נלי אליאס",מרצה — מדיה ומיעוטים,אוניברסיטת בן גוריון,
סגל אקדמי,"ד""ר תמר אשורי",מרצה — דוקומנטרי ומדיה,אוניברסיטת בן גוריון,
סגל אקדמי,"ד""ר צבי רייך",מרצה,אוניברסיטת בן גוריון,
סגל אקדמי,"ד""ר גלית נמרוד",מרצה,אוניברסיטת בן גוריון,
סגל אקדמי,פרופ' קארין נהון,דקאן,אוניברסיטת רייכמן,
סגל אקדמי,פרופ' הדס ארל,סגן דקאן,אוניברסיטת רייכמן,
סגל אקדמי,פרופ' נועם למלשטריך לטר,דקאן מייסד אמריטוס,אוניברסיטת רייכמן,
סגל אקדמי,פרופ' טל שמואל-עזרן,תקשורת בינלאומית,אוניברסיטת רייכמן,
סגל אקדמי,פרופ' גדי וולספלד,מדיה ופוליטיקה,אוניברסיטת רייכמן,
סגל אקדמי,פרופ' מורן ירחי,דיפלומטיה ציבורית ומדיה,אוניברסיטת רייכמן,
סגל אקדמי,פרופ' צחי הייאת,מידע ומדיה,אוניברסיטת רייכמן,
סגל אקדמי,פרופ' קרן אייל,תקשורת אסטרטגית,אוניברסיטת רייכמן,
סגל אקדמי,פרופ' יאיר גלילי,ספורט מדיה וחברה,אוניברסיטת רייכמן,
סגל אקדמי,פרופ' גבריאל וויימן,לימודי מדיה,אוניברסיטת רייכמן,
סגל אקדמי,פרופ' איתן גילבואה,מדיה ודיפלומטיה,אוניברסיטת רייכמן,
סגל אקדמי,פרופ' דורון פרידמן,מציאות מורחבת ומדיה,אוניברסיטת רייכמן,
סגל אקדמי,אורית אזולאי,מרצה,סם שפיגל,
סגל אקדמי,בן נעים שוקי,מרצה,סם שפיגל,
סגל אקדמי,שי בידרמן,מרצה,סם שפיגל,
סגל אקדמי,ליסה שילוח-עוזרד,מרצה,סם שפיגל,
סגל אקדמי,שרון אייל אזולאי,מרצה,סם שפיגל,
סגל אקדמי,ראובן ברודסקי,מרצה,סם שפיגל,
סגל אקדמי,יעל שנקר,מרצה,סם שפיגל,
סגל אקדמי,עידית אברהמי,מרצה,סם שפיגל,
סגל אקדמי,קרן איל-מלמד,מרצה,סם שפיגל,
סגל אקדמי,נעה ברמן הרצברג,מרצה,סם שפיגל,
סגל אקדמי,יאיר אגמון,מרצה,סם שפיגל,
סגל אקדמי,ירון ארזי,מרצה,סם שפיגל,
סגל אקדמי,עינת גלזר-זרחין,מרצה,סם שפיגל,
סגל אקדמי,אבישי דויד כהנא,מרצה,סם שפיגל,
סגל אקדמי,ישי אדר,מרצה,סם שפיגל,
סגל אקדמי,אלון ארניה,מרצה,סם שפיגל,
סגל אקדמי,תמרה אברמוביץ,מרצה,סם שפיגל,
סגל אקדמי,חזי דוידיאן,מרצה,סם שפיגל,
סגל אקדמי,רני בלייר,ראש בית הספר,מכללת ספיר,
סגל אקדמי,יונתן בר גיורא,"רמ""ח תואר ראשון",מכללת ספיר,
סגל אקדמי,איריס זכי,ראש התכנית לתואר שני,מכללת ספיר,
סגל אקדמי,יונתן השילוני,ראש מסלול – אנימציה,מכללת ספיר,
סגל אקדמי,רונן מכליס בלזם,ראש מסלול – קולנוע,מכללת ספיר,
סגל אקדמי,ענת סלע ענבר,ראשת מסלול – טלוויזיה,מכללת ספיר,
סגל אקדמי,אודיה כהן-רז,"מרצה בכירה, ראש חטיבת תיאוריה וביקורת",מכללת ספיר,
סגל אקדמי,פיליפ בלאיש,פרופסור,מכללת ספיר,
סגל אקדמי,אורי סיון,פרופסור,מכללת ספיר,
סגל אקדמי,דורון צברי,פרופסור,מכללת ספיר,
סגל אקדמי,ענת זלצר,פרופסור,מכללת ספיר,
סגל אקדמי,רן טל – סגל עמית,פרופסור,מכללת ספיר,
סגל אקדמי,סמי שלום שטרית,פרופסור,מכללת ספיר,
סגל אקדמי,גבריאלה אהרוני יונס,מרצה בכיר,מכללת ספיר,
סגל אקדמי,יובל גוז'נסקי,מרצה בכיר,מכללת ספיר,
סגל אקדמי,"איתי חרל""פ",מרצה בכיר,מכללת ספיר,
סגל אקדמי,ארז פרי,מרצה בכיר,מכללת ספיר,
סגל אקדמי,ריקרדו וורדסחיים,מרצה בכיר,מכללת ספיר,
סגל אקדמי,עוזי אדם,מרצה,מכללת ספיר,
סגל אקדמי,רנא אבו פריחה – סגל עמית,מרצה,מכללת ספיר,
סגל אקדמי,אופיר אילזצקי – סגל עמית,מרצה,מכללת ספיר,
סגל אקדמי,שמואל אלבז – סגל עמית,מרצה,מכללת ספיר,
סגל אקדמי,אודליה אלון – סגל עמית,מרצה,מכללת ספיר,
סגל אקדמי,רובי אלמליח – סגל עמית,מרצה,מכללת ספיר,
סגל אקדמי,יעקב אמזלג – סגל עמית,מרצה,מכללת ספיר,
סגל אקדמי,יוסי אפלבאום – סגל עמית,מרצה,מכללת ספיר,
סגל אקדמי,דידי ארז,מרצה,מכללת ספיר,
סגל אקדמי,אבי בלייר – סגל עמית,מרצה,מכללת ספיר,
סגל אקדמי,ענת אורן – סגל עמית,מרצה,מכללת ספיר,
סגל אקדמי,טל גדון – סגל עמית,מרצה,מכללת ספיר,
סגל אקדמי,לב גולצר – סגל עמית,מרצה,מכללת ספיר,
סגל אקדמי,חגי דוידוף – סגל עמית,מרצה,מכללת ספיר,
סגל אקדמי,חזי דוידיאן – סגל עמית,מרצה,מכללת ספיר,
סגל אקדמי,יאיר דלאל – סגל עמית,מרצה,מכללת ספיר,
סגל אקדמי,יעל הדיה,מרצה,מכללת ספיר,
סגל אקדמי,שחף וגשל – סגל עמית,מרצה,מכללת ספיר,
סגל אקדמי,רמי והבה – סגל עמית,מרצה,מכללת ספיר,
סגל אקדמי,עמית חכמוב – סגל עמית,מרצה,מכללת ספיר,
סגל אקדמי,אלון יודקובסקי – סגל עמית,מרצה,מכללת ספיר,
סגל אקדמי,ערן יחזקאל – סגל עמית,מרצה,מכללת ספיר,
סגל אקדמי,ערן לזר,מרצה,מכללת ספיר,
סגל אקדמי,רוית ליאור-מנדל,מרצה,מכללת ספיר,
סגל אקדמי,מירי מוהבן-שקד – סגל עמית,מרצה,מכללת ספיר,
סגל אקדמי,אבי מזרחי – סגל עמית,מרצה,מכללת ספיר,
סגל אקדמי,ירון ניסקי,מרצה,מכללת ספיר,
סגל אקדמי,צבי סהר – סגל עמית,מרצה,מכללת ספיר,
סגל אקדמי,מורן סומר – סגל עמית,מרצה,מכללת ספיר,
סגל אקדמי,משה סילבר – סגל עמית,מרצה,מכללת ספיר,
סגל אקדמי,שפיר סרוסי – סגל עמית,מרצה,מכללת ספיר,
סגל אקדמי,מיקי פולונסקי – סגל עמית,מרצה,מכללת ספיר,
סגל אקדמי,מרסלו פילבסקי – סגל עמית,מרצה,מכללת ספיר,
סגל אקדמי,גילת פרג – סגל עמית,מרצה,מכללת ספיר,
סגל אקדמי,יובל פרידמן – סגל עמית,מרצה,מכללת ספיר,
סגל אקדמי,רועי צורף – סגל עמית,מרצה,מכללת ספיר,
סגל אקדמי,מיכאל רוזנוב – סגל עמית,מרצה,מכללת ספיר,
סגל אקדמי,איל שגיא-ביזאוי – סגל עמית,מרצה,מכללת ספיר,
סגל אקדמי,ירמי שיק בלום – סגל עמית,מרצה,מכללת ספיר,
סגל אקדמי,שולמית תגר – סגל עמית,מרצה,מכללת ספיר,
סגל אקדמי,בועז שמעון ליאון,מרצה,מכללת ספיר,
סגל אקדמי,יסמין ששון,מרצה,מכללת ספיר,
סגל אקדמי,אסיה איזנשטיין,מרצה,מכללת ספיר,
סגל אקדמי,דולב אמיתי,מרצה,מכללת ספיר,
סגל אקדמי,רויטל אריאלי,מרצה,מכללת ספיר,
סגל אקדמי,נטי בטיטו,מרצה,מכללת ספיר,
סגל אקדמי,ירון ברוך,מרצה,מכללת ספיר,
סגל אקדמי,עינת גלזר זרחין,מרצה,מכללת ספיר,
סגל אקדמי,תיאו דולב,מרצה,מכללת ספיר,
סגל אקדמי,נוהר אביגייל חסין,מרצה,מכללת ספיר,
סגל אקדמי,אופיר טריינין,מרצה,מכללת ספיר,
סגל אקדמי,מור ישראלי,מרצה,מכללת ספיר,
סגל אקדמי,מיכל לביא,מרצה,מכללת ספיר,
סגל אקדמי,אסיה לוקין,מרצה,מכללת ספיר,
סגל אקדמי,שלומית לזר,מרצה,מכללת ספיר,
סגל אקדמי,סיוון מורג,מרצה,מכללת ספיר,
סגל אקדמי,דורון סלומונס,מרצה,מכללת ספיר,
סגל אקדמי,עמרי סנה,מרצה,מכללת ספיר,
סגל אקדמי,שי לי עטרי,מרצה,מכללת ספיר,
סגל אקדמי,אשר שוורץ,מרצה,מכללת ספיר,
סגל אקדמי,ערן נוימן,דקאן הפקולטה לאמנויות,אוניברסיטת תל אביב,
סגל אקדמי,בועז חגין,"ראש ביה""ס לקולנוע וטלוויזיה",אוניברסיטת תל אביב,
סגל אקדמי,אוסנת נדב,רכזת ניהולית,אוניברסיטת תל אביב,
סגל אקדמי,מיכל אביעד,סגל בכיר,אוניברסיטת תל אביב,
סגל אקדמי,אילן אבישר,סגל בכיר,אוניברסיטת תל אביב,
סגל אקדמי,תאופיק אגבאריה,סגל בכיר,אוניברסיטת תל אביב,
סגל אקדמי,הנריך אונגר,סגל בכיר,אוניברסיטת תל אביב,
סגל אקדמי,אהרן אקסלרוד,סגל בכיר,אוניברסיטת תל אביב,
סגל אקדמי,יגאל בורשטין,סגל בכיר,אוניברסיטת תל אביב,
סגל אקדמי,ירון בלוך,סגל בכיר,אוניברסיטת תל אביב,
סגל אקדמי,אהוד בן אריה,סגל בכיר,אוניברסיטת תל אביב,
סגל אקדמי,ניצן בן-שאול,סגל בכיר,אוניברסיטת תל אביב,
סגל אקדמי,גברת נטעלי בראון,סגל בכיר,אוניברסיטת תל אביב,
סגל אקדמי,שבתאי גביזון,סגל בכיר,אוניברסיטת תל אביב,
סגל אקדמי,איתן גרין,סגל בכיר,אוניברסיטת תל אביב,
סגל אקדמי,שמואל דובדבני,סגל בכיר,אוניברסיטת תל אביב,
סגל אקדמי,מיכל וויניק,סגל בכיר,אוניברסיטת תל אביב,
סגל אקדמי,יונת ענת זנגר,סגל בכיר,אוניברסיטת תל אביב,
סגל אקדמי,רן טל,סגל בכיר,אוניברסיטת תל אביב,
סגל אקדמי,רז יוסף,סגל בכיר,אוניברסיטת תל אביב,
סגל אקדמי,יעל לוי,סגל בכיר,אוניברסיטת תל אביב,
סגל אקדמי,עידו לויט,סגל בכיר,אוניברסיטת תל אביב,
סגל אקדמי,אורי לוין,סגל בכיר,אוניברסיטת תל אביב,
סגל אקדמי,אוהד לנדסמן,סגל בכיר,אוניברסיטת תל אביב,
סגל אקדמי,אסתר נמדר-תמאם,סגל בכיר,אוניברסיטת תל אביב,
סגל אקדמי,יוסף פיצ'חדזה,סגל בכיר,אוניברסיטת תל אביב,
סגל אקדמי,ראובן פלגי הקר,סגל בכיר,אוניברסיטת תל אביב,
סגל אקדמי,ארנון צוקרמן,סגל בכיר,אוניברסיטת תל אביב,
סגל אקדמי,אסף צפור,סגל בכיר,אוניברסיטת תל אביב,
סגל אקדמי,נסים קלדרון,סגל בכיר,אוניברסיטת תל אביב,
סגל אקדמי,דב רובנשטין,סגל בכיר,אוניברסיטת תל אביב,
סגל אקדמי,גל רז,סגל בכיר,אוניברסיטת תל אביב,
סגל אקדמי,איליה אוטוצ'קין,מרצה,אוניברסיטת תל אביב,
סגל אקדמי,איב אוסטרובליאנסקי,מרצה,אוניברסיטת תל אביב,
סגל אקדמי,דולב דוד אמתי,מרצה,אוניברסיטת תל אביב,
סגל אקדמי,קטיה אריאלי – עובד מחקר,מרצה,אוניברסיטת תל אביב,
סגל אקדמי,שי בידרמן – מורה מן החוץ,מרצה,אוניברסיטת תל אביב,
סגל אקדמי,עדי בק,מרצה,אוניברסיטת תל אביב,
סגל אקדמי,שירה ברוך,מרצה,אוניברסיטת תל אביב,
סגל אקדמי,עלינא ברנשטיין – מורה מן החוץ,מרצה,אוניברסיטת תל אביב,
סגל אקדמי,טום גוק,מרצה,אוניברסיטת תל אביב,
סגל אקדמי,טליה גלאון,מרצה,אוניברסיטת תל אביב,
סגל אקדמי,ענת גפני,מרצה,אוניברסיטת תל אביב,
סגל אקדמי,יוסף גרינפלד,מרצה,אוניברסיטת תל אביב,
סגל אקדמי,תמר דדון רווה,מרצה,אוניברסיטת תל אביב,
סגל אקדמי,עידו דולב,מרצה,אוניברסיטת תל אביב,
סגל אקדמי,נועה לימור דולברג אלתר,מרצה,אוניברסיטת תל אביב,
סגל אקדמי,רותם דרור,מרצה,אוניברסיטת תל אביב,
סגל אקדמי,ערן הדס,מרצה,אוניברסיטת תל אביב,
סגל אקדמי,מאיה הפנר,מרצה,אוניברסיטת תל אביב,
סגל אקדמי,טל מיכאל הרינג,מרצה,אוניברסיטת תל אביב,
סגל אקדמי,עילית זקצר,מרצה,אוניברסיטת תל אביב,
סגל אקדמי,נתנאל יעקב רפאל זריבי,מרצה,אוניברסיטת תל אביב,
סגל אקדמי,ליאור חדשיאן – מורה מן החוץ,מרצה,אוניברסיטת תל אביב,
סגל אקדמי,מיכל חנה חזן,מרצה,אוניברסיטת תל אביב,
סגל אקדמי,דן חיוטין,מרצה,אוניברסיטת תל אביב,
סגל אקדמי,נפתלי חן,מרצה,אוניברסיטת תל אביב,
סגל אקדמי,בן חרובי,מרצה,אוניברסיטת תל אביב,
סגל אקדמי,איתי חרלפ,מרצה,אוניברסיטת תל אביב,
סגל אקדמי,ליענה טיומקין,מרצה,אוניברסיטת תל אביב,
סגל אקדמי,נועה טל – עובד מחקר,מרצה,אוניברסיטת תל אביב,
סגל אקדמי,מירי מרים טלמון,מרצה,אוניברסיטת תל אביב,
סגל אקדמי,מתן יאיר – מורה מן החוץ / עמית הוראה,מרצה,אוניברסיטת תל אביב,
סגל אקדמי,אלון יודקובסקי – עובד מחקר,מרצה,אוניברסיטת תל אביב,
סגל אקדמי,אורי יעקובוביץ,מרצה,אוניברסיטת תל אביב,
סגל אקדמי,אפרת כהן,מרצה,אוניברסיטת תל אביב,
סגל אקדמי,אודיה בת חן כהן רז,מרצה,אוניברסיטת תל אביב,
סגל אקדמי,יואב כץ,מרצה,אוניברסיטת תל אביב,
סגל אקדמי,רון כצנלסון,מרצה,אוניברסיטת תל אביב,
סגל אקדמי,נופר לאור,מרצה,אוניברסיטת תל אביב,
סגל אקדמי,מאיה להט-קרמן,מרצה,אוניברסיטת תל אביב,
סגל אקדמי,אורלי לובין – מורה מן החוץ,מרצה,אוניברסיטת תל אביב,
סגל אקדמי,דוד ליפשיץ – מורה מן החוץ,מרצה,אוניברסיטת תל אביב,
סגל אקדמי,מתתיהו מאיר לנג,מרצה,אוניברסיטת תל אביב,
סגל אקדמי,יותם לנדוי,מרצה,אוניברסיטת תל אביב,
סגל אקדמי,דן לרנר,מרצה,אוניברסיטת תל אביב,
סגל אקדמי,מרים מוהבן-שקד,מרצה,אוניברסיטת תל אביב,
סגל אקדמי,דניאלה מוחנצ'ב,מרצה,אוניברסיטת תל אביב,
סגל אקדמי,יואב ארבל,מרצה,אוניברסיטת תל אביב,
סגל אקדמי,אילה ביטמן,מרצה,אוניברסיטת תל אביב,
סגל אקדמי,יעל בן זאב,מרצה,אוניברסיטת תל אביב,
סגל אקדמי,מארק גדיליה,מרצה,אוניברסיטת תל אביב,
סגל אקדמי,אירית גזית,מרצה,אוניברסיטת תל אביב,
סגל אקדמי,יעל מזור,מרצה,אוניברסיטת תל אביב,
סגל אקדמי,איל מילט,מרצה,אוניברסיטת תל אביב,
סגל אקדמי,רן מנדלסון – מורה מן החוץ,מרצה,אוניברסיטת תל אביב,
סגל אקדמי,עמיר מנור,מרצה,אוניברסיטת תל אביב,
סגל אקדמי,תמר מרום,מרצה,אוניברסיטת תל אביב,
סגל אקדמי,ישי יהודה מרציאנו,מרצה,אוניברסיטת תל אביב,
סגל אקדמי,נועה מרקין,מרצה,אוניברסיטת תל אביב,
סגל אקדמי,רם נהרי,מרצה,אוניברסיטת תל אביב,
סגל אקדמי,תומר נחושתן,מרצה,אוניברסיטת תל אביב,
סגל אקדמי,משה נחמיאס,מרצה,אוניברסיטת תל אביב,
סגל אקדמי,יאיר נחשון – מורה מן החוץ,מרצה,אוניברסיטת תל אביב,
סגל אקדמי,יואב סבריאגו,מרצה,אוניברסיטת תל אביב,
סגל אקדמי,אסף סודרי,מרצה,אוניברסיטת תל אביב,
סגל אקדמי,מורן עובדיה,מרצה,אוניברסיטת תל אביב,
סגל אקדמי,איריס עוזר – מורה מן החוץ,מרצה,אוניברסיטת תל אביב,
סגל אקדמי,יערה עוזרי,מרצה,אוניברסיטת תל אביב,
סגל אקדמי,אהרונסון עמוס,מרצה,אוניברסיטת תל אביב,
סגל אקדמי,אבנר פינגלרנט – מורה מן החוץ,מרצה,אוניברסיטת תל אביב,
סגל אקדמי,עטרה פריש,מרצה,אוניברסיטת תל אביב,
סגל אקדמי,אדר פרלמן,מרצה,אוניברסיטת תל אביב,
סגל אקדמי,עומרי צדקה,מרצה,אוניברסיטת תל אביב,
סגל אקדמי,רם ציזלינג,מרצה,אוניברסיטת תל אביב,
סגל אקדמי,ניר קדם,מרצה,אוניברסיטת תל אביב,
סגל אקדמי,דובר קוסאשווילי,מרצה,אוניברסיטת תל אביב,
סגל אקדמי,ניצן קימל,מרצה,אוניברסיטת תל אביב,
סגל אקדמי,חנן אלברט קמינסקי,מרצה,אוניברסיטת תל אביב,
סגל אקדמי,שירה ראוזניץ,מרצה,אוניברסיטת תל אביב,
סגל אקדמי,אורי רשף – מורה מן החוץ,מרצה,אוניברסיטת תל אביב,
סגל אקדמי,נועה שגיא,מרצה,אוניברסיטת תל אביב,
סגל אקדמי,ג'ו יעל שוולב מור,מרצה,אוניברסיטת תל אביב,
סגל אקדמי,עמית יצחק שורצנברג,מרצה,אוניברסיטת תל אביב,
סגל אקדמי,כתריאל שחורי – מורה מן החוץ,מרצה,אוניברסיטת תל אביב,
סגל אקדמי,דב שטויר,מרצה,אוניברסיטת תל אביב,
סגל אקדמי,רומי שיאון,מרצה,אוניברסיטת תל אביב,
סגל אקדמי,טלי שלום עזר,מרצה,אוניברסיטת תל אביב,
סגל אקדמי,עמרי שנהר – מורה מן החוץ,מרצה,אוניברסיטת תל אביב,
סגל אקדמי,ירון שני,מרצה,אוניברסיטת תל אביב,
סגל אקדמי,דניאל שניאור,מרצה,אוניברסיטת תל אביב,
סגל אקדמי,ערן שפירא,מרצה,אוניברסיטת תל אביב,
סגל אקדמי,טלי שרון – מורה מן החוץ,מרצה,אוניברסיטת תל אביב,
סגל אקדמי,עודד ידעיה,מנהל בית הספר ומרצה לצילום,מנשר,https://minshar.org.il/film-studies
סגל אקדמי,רונית ידעיה,ראשת המחלקה לכתיבה,מנשר,
סגל אקדמי,עדי שחם,ראשת המחלקה לצילום,מנשר,
סגל אקדמי,נטע כהן,ראשת המחלקה לאנימציה,מנשר,
סגל אקדמי,נעם ונקרט,ראש המחלקה לאמנות,מנשר,
סגל אקדמי,חורחה גורביץ',"במאי, תסריטאי ומרצה",מנשר,
סגל אקדמי,גדי רימר,"במאי, עורך ומרצה",מנשר,
סגל אקדמי,גל איסר,קולוריסט ומרצה לפוסט-פרודקשן,מנשר,
סגל אקדמי,אורן גרנר,"במאי, תסריטאי ומרצה",מנשר,
סגל אקדמי,ברכה זיסמן,"עורכת, במאית דוקומנטרית ומרצה",מנשר,
סגל אקדמי,מתן גוגנהיים,"יוצר קולנועי, במאי ומרצה",מנשר,
סגל אקדמי,תום שובל,"במאי, תסריטאי, עורך ומרצה",מנשר,
סגל אקדמי,איילת בכר,יוצרת דוקומנטרית ומרצה,מנשר,
סגל אקדמי,אסף סבן,"במאי, תסריטאי ומפיק, מרצה",מנשר,
סגל אקדמי,פרופ' רועי רוזן,פרופסור ומרצה לקולנוע ואמנות,מכללת בית ברל,
סגל אקדמי,פרופ' דורון רבינא,פרופסור ומרצה לקולנוע ואמנות,מכללת בית ברל,
סגל אקדמי,גיא בן-נר,מרצה במחלקה לאמנות,מכללת בית ברל,
סגל אקדמי,רותי סלע,מרצה לקולנוע ואמנות,מכללת בית ברל,
סגל אקדמי,עאישה עראר,מרצה לקולנוע ואמנות,מכללת בית ברל,
סגל אקדמי,אהד פישוף,מרצה לקולנוע ואמנות,מכללת בית ברל,
סגל אקדמי,מריה סלאח מחמיד,מרצה לאמנות וקולנוע,מכללת בית ברל,
סגל אקדמי,אתי יעקבי ליליאור,מרצה לקולנוע ואמנות,מכללת בית ברל,
סגל אקדמי,הלל רומן,מנחה ומרצה לקולנוע ואמנות,מכללת בית ברל,
סגל אקדמי,שחר יהלום,מנחה ומרצה לקולנוע ואמנות,מכללת בית ברל,
סגל אקדמי,אלונה פרידברג,מרצה לקולנוע ואמנות,מכללת בית ברל,
סגל אקדמי,ברק רביץ,מנחה ומרצה לקולנוע ואמנות,מכללת בית ברל,
סגל אקדמי,אנה סומרשף,מרצה במחלקה לקולנוע,מכללת בית ברל,
סגל אקדמי,ג'ון אבישי,מרצה במחלקה לקולנוע,מכללת בית ברל,
סגל אקדמי,זהר סיטנר,מרצה לקולנוע,מכללת בית ברל,
סגל אקדמי,חיים טבקמן,מרצה במחלקה לקולנוע,מכללת בית ברל,
סגל אקדמי,יואב קוש,מרצה במחלקה לקולנוע,מכללת בית ברל,
סגל אקדמי,אייל גור-אריה,מרצה לעיצוב פסקול לאנימציה,בצלאל,
סגל אקדמי,שרון גזינית,מרצה לאנימציה,בצלאל,
סגל אקדמי,פרופ' מרב סלומון,פרופסור ואיור,בצלאל,
סגל אקדמי,עמית טריינין,מאייר וראש תחום איור,בצלאל,
סגל אקדמי,רועי ואטורי,ראש מגמת עיצוב במה לקולנוע,סמינר הקיבוצים,
סגל אקדמי,פרידה שוהם,מייסדת מגמת עיצוב במה ומרצה,סמינר הקיבוצים,
סגל אקדמי,דנה צרפתי,מרצה לתולדות העיצוב,סמינר הקיבוצים,
סגל אקדמי,ענת שוורץ,ראשת החוג לתקשורת וקולנוע,סמינר הקיבוצים,
סגל אקדמי,יובל אהרוני,מרצה לקולנוע,סמינר הקיבוצים,
סגל אקדמי,אלירן אליה,מרצה לקולנוע ויוצר,סמינר הקיבוצים,
סגל אקדמי,ליאור סורוקה,מרצה לקולנוע,סמינר הקיבוצים,
סגל אקדמי,ענבל פטל,מרצה לקולנוע,סמינר הקיבוצים,
סגל אקדמי,"ד""ר גתית פרלמוטר",מרצה לקולנוע,סמינר הקיבוצים,
סגל אקדמי,דני לרנר,מרצה לקולנוע ויוצר,סמינר הקיבוצים,
סגל אקדמי,"ד""ר מאיה פנחסי",מרצה לקולנוע,סמינר הקיבוצים,
סגל אקדמי,מאיר ראובני,מרכז הוראה לקולנוע,סמינר הקיבוצים,
סגל אקדמי,דיקלה שטרית,מרצה לקולנוע ומדיה,סמינר הקיבוצים,
סגל אקדמי,ג'ולי שלז,במאית ומרצה לקולנוע,סמינר הקיבוצים,
עיתונאים ומבקרים,רוי יודקביץ',מבקר קולנוע ומנחה פודקאסט,"בלוג ""סריטה"", פודקאסט ""שעת סיפור""",
עיתונאים ומבקרים,יניב אידלשטיין,מתרגם סרטים וכותב,"בלוג ""סריטה""",
עיתונאים ומבקרים,מיכל ליבר רונן,מבקרת קולנוע,Seret.co.il,https://www.seret.co.il/critics/seretcriticstable.asp
עיתונאים ומבקרים,יעל מאורר,מבקרת קולנוע,Seret.co.il,https://www.seret.co.il/critics/seretcriticstable.asp
עיתונאים ומבקרים,איתן ווייץ,מבקר קולנוע וחבר פורום,פורום מבקרי הקולנוע בישראל,
עיתונאים ומבקרים,אלברט גבאי,מבקר קולנוע וחבר פורום,פורום מבקרי הקולנוע בישראל,
עיתונאים ומבקרים,נטליה ירמין,מבקרת קולנוע וחברת פורום,פורום מבקרי הקולנוע בישראל,
עיתונאים ומבקרים,נעמה רק,עורכת פודקאסט וחברת פורום,"פורום מבקרי הקולנוע, פודקאסט ""קבוצת ביקורת""",
עיתונאים ומבקרים,עידו רוזן,מבקר קולנוע וחבר פורום,פורום מבקרי הקולנוע בישראל,
עיתונאים ומבקרים,שי שגב,מבקר קולנוע וחבר פורום,פורום מבקרי הקולנוע בישראל,
עיתונאים ומבקרים,תומר קמרלינג,מבקר קולנוע וחבר פורום,"פורום מבקרי הקולנוע בישראל, mako",
עיתונאים ומבקרים,נגה חביון,חברת מערכת פודקאסט,"פודקאסט ""תיבת תעודה""",
עיתונאים ומבקרים,גילי פורת,מנחת פודקאסט,"פודקאסט ""Trashtalk""",
עיתונאים ומבקרים,שני קיניסו,מנחת פודקאסט,"פודקאסט ""Trashtalk""",
עיתונאים ומבקרים,דן שדור,מנהל ועורך פודקאסט,"פודקאסט ""תיבת תעודה"" — דוקומנטרי",
עיתונאים ומבקרים,יואב אברמוביץ',מבקר קולנוע,מדורי קולנוע שונים,
עיתונאים ומבקרים,נמרוד אלדאה,מבקר קולנוע ויוצר,ערוצי תקשורת וניו-מדיה,
עיתונאים ומבקרים,לירון רחל ארז,מבקרת קולנוע,מדורי קולנוע שונים,
עיתונאים ומבקרים,אמיר בוגן,מבקר קולנוע,ynet,
עיתונאים ומבקרים,נתן ברנד,איש תקשורת ומבקר קולנוע,ערוצי תקשורת ומדיה,
עיתונאים ומבקרים,נתן גרוס,מבקר קולנוע היסטורי,עיתונות ארכיון,
עיתונאים ומבקרים,דוד גרינברג,מבקר קולנוע,מדורי קולנוע שונים,
עיתונאים ומבקרים,יובל ריבלין,מבקר קולנוע,מדורי קולנוע שונים,
עיתונאים ומבקרים,שאול שיר-רן,מבקר קולנוע,מדורי קולנוע שונים,
עיתונאים ומבקרים,אורון שמיר,מייסד בלוג ומבקר קולנוע,בלוג סריטה,
עיתונאים ומבקרים,ר. אומוט,במאי עצמאי וכותב,בלוג סריטה · קבוצת נו קאוסט,
עיתונאים ומבקרים,אלעד שלו,עורך,אתר Seret,
עיתונאים ומבקרים,אורי ברייטמן,מבקר קולנוע,אתר ביקורות קולנוע מאת אורי ברייטמן,
עיתונאים ומבקרים,ג. עיטור,מבקר קולנוע היסטורי,עיתונות ארכיון,
עיתונאים ומבקרים,מרט פרחומובסקי,מבקר קולנוע ויוצר,מדורי קולנוע שונים,
עיתונאים ומבקרים,ירון פריד,מבקר קולנוע,מדורי קולנוע שונים,
עיתונאים ומבקרים,עזריה רפופורט,מבקר קולנוע היסטורי,עיתונות ארכיון,
עיתונאים ומבקרים,בנימין טוביאס,מבקר קולנוע וחבר פורום,פורום מבקרי הקולנוע בישראל · ידיעות אחרונות,
עיתונאים ומבקרים,יקיר אלקריב,מבקר קולנוע וחבר פורום,פורום מבקרי הקולנוע בישראל,
עיתונאים ומבקרים,מיכל סופר-זמרני,מבקרת קולנוע וחברת פורום,פורום מבקרי הקולנוע בישראל,
עיתונאים ומבקרים,יוני זאבו,מגיש פודקאסט,פודקאסט סרטים זה אנחנו,
עיתונאים ומבקרים,שחר אבירי,מראיין ועורך פודקאסט,פודקאסט שואוריל Showreel,
עיתונאים ומבקרים,לירון מור,מגיש פודקאסט,פודקאסט שורדים בקושי,
עיתונאים ומבקרים,שלום סיונוב,מגיש פודקאסט,פודקאסט שורדים בקושי,
עיתונאים ומבקרים,יהונתן צוריה,מנהל ועורך ראשי,אתר עין הדג,
עיתונאים ומבקרים,דוד ארונשטם,מגיש פודקאסט,פודקאסט פיילוט,
